﻿
create table primertema(
id_tema_1 character varying(2) primary key,
tema_1 character varying(50)
);

create table segundotema(
id_tema_2 character varying(2) primary key,
id_tema_1 character varying(2),
tema_2 character varying(50),
foreign key (id_tema_1) references primertema(id_tema_1)
);

create table tercertema(
id_tema_3 character varying(2) primary key,
id_tema_2 character varying(2),
tema_3 character varying(50),
foreign key (id_tema_2) references segundotema(id_tema_2)
);

create table entidad(
cve_entidad character varying(2) primary key,
desc_entidad character varying(50)

);

create table municipio(
cve_municipio character varying(3),
cve_entidad character varying(2),
desc_municipio character varying(50),
foreign key (cve_entidad) references entidad(cve_entidad)
);

create table indicador(
id_indicador character varying(10) primary key,
indicador character varying(200)
);

create table anio(
id_anio character varying(3) primary key,
anio character varying(4)
);


create table finanzas(
cve_municipio character varying(3),
cve_entidad character varying(2),
id_tema_3 character varying(2) ,
id_indicador character varying(10),
id_anio character varying(3),
valor int,
foreign key (cve_entidad) references entidad(cve_entidad),
foreign key (id_indicador) references indicador(id_indicador),
foreign key (id_tema_3) references tercertema(id_tema_3),
foreign key (id_anio) references anio (id_anio)
);

INSERT INTO primertema values ('01','Economía');

INSERT INTO segundotema values ('01','01','Finanzas públicas');

INSERT INTO tercertema values ('01','01','Finanzas públicas');

INSERT INTO entidad values ('00','Nacional');

INSERT INTO municipio values ('000','00','Nacional');

INSERT INTO indicador values ('1011000015','Ingresos brutos de los municipios');
INSERT INTO indicador values ('1011000016','Ingresos Netos');
INSERT INTO indicador values ('1011000017','Ingresos por impuestos');
INSERT INTO indicador values ('1011000018','Ingresos por participaciones federales y estatales');
INSERT INTO indicador values ('1011000019','Ingresos por aportaciones federales y estatales');
INSERT INTO indicador values ('1011000020','Ingresos por otras fuentes');
INSERT INTO indicador values ('1011000021','Disponibilidad inicial');
INSERT INTO indicador values ('1011000022','Egresos brutos de los municipios');
INSERT INTO indicador values ('1011000023','Egresos netos');
INSERT INTO indicador values ('1011000024','Egresos por adquisición de bienes muebles e inmuebles');
INSERT INTO indicador values ('1011000025','Egresos por obras públicas y acciones sociales');
INSERT INTO indicador values ('1011000028','Disponibilidad final');


INSERT INTO anio values ('01','1994');
INSERT INTO anio values ('02','1995');
INSERT INTO anio values ('03','1996');
INSERT INTO anio values ('04','1997');
INSERT INTO anio values ('05','1998');
INSERT INTO anio values ('06','1999');
INSERT INTO anio values ('07','2000');
INSERT INTO anio values ('08','2001');
INSERT INTO anio values ('09','2002');
INSERT INTO anio values ('10','2003');
INSERT INTO anio values ('11','2004');
INSERT INTO anio values ('12','2005');
INSERT INTO anio values ('13','2006');
INSERT INTO anio values ('14','2007');
INSERT INTO anio values ('15','2008');
INSERT INTO anio values ('16','2009');
INSERT INTO anio values ('17','2010');
INSERT INTO anio values ('18','2011');
INSERT INTO anio values ('19','2012');


INSERT INTO finanzas VALUES
('000','00','01','1011000015','01',18003304),
('000','00','01','1011000016','01',17597614),
('000','00','01','1011000017','01',3253476),
('000','00','01','1011000018','01',8523958),
('000','00','01','1011000019','01',323335),
('000','00','01','1011000020','01',5496849),
('000','00','01','1011000021','01',405688),
('000','00','01','1011000022','01',18003304),
('000','00','01','1011000023','01',17108468),
('000','00','01','1011000024','01',396),
('000','00','01','1011000025','01',4337846),
('000','00','01','1011000028','01',894836);

INSERT INTO finanzas VALUES
('000','00','01','1011000015','02',20138258),
('000','00','01','1011000016','02',19428265),
('000','00','01','1011000017','02',3485026),
('000','00','01','1011000018','02',9889744),
('000','00','01','1011000019','02',657790),
('000','00','01','1011000020','02',5395706),
('000','00','01','1011000021','02',709990),
('000','00','01','1011000022','02',20138258),
('000','00','01','1011000023','02',19048933),
('000','00','01','1011000024','02',514759),
('000','00','01','1011000025','02',3556781),
('000','00','01','1011000028','02',1089327);

INSERT INTO finanzas VALUES
('000','00','01','1011000015','03',26574850),
('000','00','01','1011000016','03',26175371),
('000','00','01','1011000017','03',3924335),
('000','00','01','1011000018','03',14157809),
('000','00','01','1011000019','03',1378693),
('000','00','01','1011000020','03',6714536),
('000','00','01','1011000021','03',399480),
('000','00','01','1011000022','03',26574850),
('000','00','01','1011000023','03',25449321),
('000','00','01','1011000024','03',864017),
('000','00','01','1011000025','03',4313157),
('000','00','01','1011000028','03',1125532);


INSERT INTO finanzas VALUES
('000','00','01','1011000015','04',34137022),
('000','00','01','1011000016','04',33412766),
('000','00','01','1011000017','04',4696139),
('000','00','01','1011000018','04',19018152),
('000','00','01','1011000019','04',1527246),
('000','00','01','1011000020','04',8171228),
('000','00','01','1011000021','04',724256),
('000','00','01','1011000022','04',34137022),
('000','00','01','1011000023','04',32577913),
('000','00','01','1011000024','04',1125228),
('000','00','01','1011000025','04',6061937),
('000','00','01','1011000028','04',1559112);


INSERT INTO finanzas VALUES
('000','00','01','1011000015','05',50584531),
('000','00','01','1011000016','05',49398298),
('000','00','01','1011000017','05',5645263),
('000','00','01','1011000018','05',25964895),
('000','00','01','1011000019','05',5498364),
('000','00','01','1011000020','05',12289776),
('000','00','01','1011000021','05',1186233),
('000','00','01','1011000022','05',50584531),
('000','00','01','1011000023','05',47295596),
('000','00','01','1011000024','05',1788271),    
('000','00','01','1011000025','05',9161274),
('000','00','01','1011000028','05',3288935);

INSERT INTO finanzas VALUES
('000','00','01','1011000015','06',70163441),
('000','00','01','1011000016','06',68029813),
('000','00','01','1011000017','06',6584117),
('000','00','01','1011000018','06',33731964),
('000','00','01','1011000019','06',12770421),
('000','00','01','1011000020','06',14943309),
('000','00','01','1011000021','06',2133628),
('000','00','01','1011000022','06',70163441),
('000','00','01','1011000023','06',65872799),
('000','00','01','1011000024','06',2402991),
('000','00','01','1011000025','06',14526633),
('000','00','01','1011000028','06',4290640);


INSERT INTO finanzas VALUES
('000','00','01','1011000015','07',85349438),
('000','00','01','1011000016','07',82140496),
('000','00','01','1011000017','07',8016045),
('000','00','01','1011000018','07',37451235),
('000','00','01','1011000019','07',21200973),
('000','00','01','1011000020','07',15472247),
('000','00','01','1011000021','07',3208937),
('000','00','01','1011000022','07',85349438),
('000','00','01','1011000023','07',80878483),
('000','00','01','1011000024','07',2326066),
('000','00','01','1011000025','07',19951614),
('000','00','01','1011000028','07',4470950);

INSERT INTO finanzas VALUES
('000','00','01','1011000015','08',100851629),
('000','00','01','1011000016','08',97371968),
('000','00','01','1011000017','08',9554229),
('000','00','01','1011000018','08',39098608),
('000','00','01','1011000019','08',30599498),
('000','00','01','1011000020','08',18119632),
('000','00','01','1011000021','08',3479661),
('000','00','01','1011000022','08',100851629),
('000','00','01','1011000023','08',95027119),
('000','00','01','1011000024','08',3742616),
('000','00','01','1011000025','08',24240423),
('000','00','01','1011000028','08',5824511);

INSERT INTO finanzas VALUES
('000','00','01','1011000015','09',122343321),
('000','00','01','1011000016','09',117869677),
('000','00','01','1011000017','09',11703050),
('000','00','01','1011000018','09',42061231),
('000','00','01','1011000019','09',41238828),
('000','00','01','1011000020','09',22866569),
('000','00','01','1011000021','09',4473646),
('000','00','01','1011000022','09',122343321),
('000','00','01','1011000023','09',113752286),
('000','00','01','1011000024','09',2881535),
('000','00','01','1011000025','09',31991256),
('000','00','01','1011000028','09',8591036);

INSERT INTO finanzas VALUES
('000','00','01','1011000015','10',135875466),
('000','00','01','1011000016','10',130129901),
('000','00','01','1011000017','10',13282821),
('000','00','01','1011000018','10',49660773),
('000','00','01','1011000019','10',42641121),
('000','00','01','1011000020','10',24545183),
('000','00','01','1011000021','10',5745569),
('000','00','01','1011000022','10',135875466),
('000','00','01','1011000023','10',129221395),
('000','00','01','1011000024','10',2634939),
('000','00','01','1011000025','10',37483261),
('000','00','01','1011000028','10',6654072);


INSERT INTO finanzas VALUES
('000','00','01','1011000015','11',149586115),
('000','00','01','1011000016','11',145901552),
('000','00','01','1011000017','11',15543045),
('000','00','01','1011000018','11',54990453),
('000','00','01','1011000019','11',43673181),
('000','00','01','1011000020','11',31694877),
('000','00','01','1011000021','11',3684569),
('000','00','01','1011000022','11',149586115),
('000','00','01','1011000023','11',143173343),
('000','00','01','1011000024','11',3392141),
('000','00','01','1011000025','11',40672599),
('000','00','01','1011000028','11',6412777);

INSERT INTO finanzas VALUES
('000','00','01','1011000015','12',165669231),
('000','00','01','1011000016','12',162135040),
('000','00','01','1011000017','12',17750546),
('000','00','01','1011000018','12',60601332),
('000','00','01','1011000019','12',48995457),
('000','00','01','1011000020','12',34787712),
('000','00','01','1011000021','12',3534193),
('000','00','01','1011000022','12',165669231),
('000','00','01','1011000023','12',156275162),
('000','00','01','1011000024','12',4282116),
('000','00','01','1011000025','12',42046577),
('000','00','01','1011000028','12',9394068);

INSERT INTO finanzas VALUES
('000','00','01','1011000015','13',192598012),
('000','00','01','1011000016','13',186774939),
('000','00','01','1011000017','13',21077521),
('000','00','01','1011000018','13',71699197),
('000','00','01','1011000019','13',54618147),
('000','00','01','1011000020','13',39380082),
('000','00','01','1011000021','13',5823074),
('000','00','01','1011000022','13',192598012),
('000','00','01','1011000023','13',181942312),
('000','00','01','1011000024','13',4077096),
('000','00','01','1011000025','13',51997328),
('000','00','01','1011000028','13',10655701);

INSERT INTO finanzas VALUES
('000','00','01','1011000015','14',204840411),
('000','00','01','1011000016','14',198583329),
('000','00','01','1011000017','14',24336718),
('000','00','01','1011000018','14',70692376),
('000','00','01','1011000019','14',61136401),
('000','00','01','1011000020','14',42417837),
('000','00','01','1011000021','14',6257083),
('000','00','01','1011000022','14',204840411),
('000','00','01','1011000023','14',193938805),
('000','00','01','1011000024','14',4116962),
('000','00','01','1011000025','14',53216114),
('000','00','01','1011000028','14',10901610);

INSERT INTO finanzas VALUES
('000','00','01','1011000015','15',256058205),
('000','00','01','1011000016','15',250944609),
('000','00','01','1011000017','15',26768035),
('000','00','01','1011000018','15',90971333),
('000','00','01','1011000019','15',82330526),
('000','00','01','1011000020','15',50874716),
('000','00','01','1011000021','15',5113595),
('000','00','01','1011000022','15',256058205),
('000','00','01','1011000023','15',236392843),
('000','00','01','1011000024','15',7020374),
('000','00','01','1011000025','15',70800461),
('000','00','01','1011000028','15',19665362);

INSERT INTO finanzas VALUES
('000','00','01','1011000015','16',272985815),
('000','00','01','1011000016','16',264137243),
('000','00','01','1011000017','16',27343101),
('000','00','01','1011000018','16',88323280),
('000','00','01','1011000019','16',93207073),
('000','00','01','1011000020','16',55263796),
('000','00','01','1011000021','16',8848575),
('000','00','01','1011000022','16',272985815),
('000','00','01','1011000023','16',259460662),
('000','00','01','1011000024','16',5189347),
('000','00','01','1011000025','16',86359116),
('000','00','01','1011000028','16',13525155);

INSERT INTO finanzas VALUES
('000','00','01','1011000015','17',280901107),
('000','00','01','1011000016','17',276743741),
('000','00','01','1011000017','17',29014277),
('000','00','01','1011000018','17',92773340),
('000','00','01','1011000019','17',96088057),
('000','00','01','1011000020','17',58868072),
('000','00','01','1011000021','17',4157363),
('000','00','01','1011000022','17',280901107),
('000','00','01','1011000023','17',265867749),
('000','00','01','1011000024','17',5211793),
('000','00','01','1011000025','17',79794002),
('000','00','01','1011000028','17',15033361);

INSERT INTO finanzas VALUES
('000','00','01','1011000015','18',312084524),
('000','00','01','1011000016','18',308000470),
('000','00','01','1011000017','18',30951811),
('000','00','01','1011000018','18',102532276),
('000','00','01','1011000019','18',112480583),
('000','00','01','1011000020','18',62035808),
('000','00','01','1011000021','18',4084051),
('000','00','01','1011000022','18',312084524),
('000','00','01','1011000023','18',291314169),
('000','00','01','1011000024','18',5331281),
('000','00','01','1011000025','18',86441012),
('000','00','01','1011000028','18',20770354);


INSERT INTO finanzas VALUES
('000','00','01','1011000015','19',291026066),
('000','00','01','1011000016','19',286274947),
('000','00','01','1011000017','19',33245185),
('000','00','01','1011000018','19',97416920),
('000','00','01','1011000019','19',106593888),
('000','00','01','1011000020','19',49018954),
('000','00','01','1011000021','19',4751118),
('000','00','01','1011000022','19',291026066),
('000','00','01','1011000023','19',272534528),
('000','00','01','1011000024','19',4224969),
('000','00','01','1011000025','19',64824479),
('000','00','01','1011000028','19',18491543);





